{"stats":{"minecraft:broken":{"minecraft:stone_pickaxe":1,"minecraft:stone_axe":1},"minecraft:picked_up":{"minecraft:stripped_oak_log":4,"minecraft:crafting_table":1,"minecraft:feather":2,"minecraft:chicken":1,"minecraft:glow_ink_sac":6,"minecraft:andesite":25,"minecraft:leather":6,"minecraft:potato":4,"minecraft:tuff":1,"minecraft:oak_log":132,"minecraft:dirt":41,"minecraft:raw_copper":59,"minecraft:bone":1,"minecraft:apple":1,"minecraft:wheat_seeds":3,"minecraft:cobbled_deepslate":8,"minecraft:beef":18,"minecraft:chest":2,"minecraft:egg":1,"minecraft:raw_iron":69,"minecraft:torch":7,"minecraft:dripstone_block":20,"minecraft:gravel":2,"minecraft:porkchop":4,"minecraft:pointed_dripstone":20,"minecraft:diorite":12,"minecraft:white_bed":3,"minecraft:arrow":3,"minecraft:rotten_flesh":5,"minecraft:yellow_carpet":2,"minecraft:diamond":1,"minecraft:iron_helmet":1,"minecraft:granite":15,"minecraft:coal":46,"minecraft:cobblestone":134,"minecraft:oxeye_daisy":1},"minecraft:crafted":{"minecraft:cooked_beef":6,"minecraft:oak_planks":288,"minecraft:crafting_table":2,"minecraft:wooden_pickaxe":1,"minecraft:furnace":1,"minecraft:stone_axe":2,"minecraft:air":0,"minecraft:stick":32,"minecraft:iron_ingot":13,"minecraft:iron_pickaxe":2,"minecraft:stone_pickaxe":2,"minecraft:stone_sword":1,"minecraft:chest":2,"minecraft:torch":32},"minecraft:dropped":{"minecraft:wheat_seeds":1,"minecraft:yellow_carpet":1,"minecraft:oxeye_daisy":1},"minecraft:used":{"minecraft:stone_sword":83,"minecraft:stone_pickaxe":213,"minecraft:chest":3,"minecraft:wooden_pickaxe":24,"minecraft:torch":23,"minecraft:dirt":32,"minecraft:crafting_table":3,"minecraft:white_bed":2,"minecraft:yellow_carpet":1,"minecraft:apple":1,"minecraft:iron_pickaxe":144,"minecraft:iron_helmet":2,"minecraft:stone_axe":133,"minecraft:egg":1,"minecraft:cooked_beef":5,"minecraft:potato":8},"minecraft:mined":{"minecraft:tuff":1,"minecraft:white_bed":3,"minecraft:deepslate_diamond_ore":1,"minecraft:crafting_table":1,"minecraft:torch":1,"minecraft:granite":15,"minecraft:grass_block":4,"minecraft:chest":2,"minecraft:tall_grass":3,"minecraft:copper_ore":17,"minecraft:diorite":12,"minecraft:oxeye_daisy":1,"minecraft:wall_torch":5,"minecraft:iron_ore":56,"minecraft:andesite":25,"minecraft:grass":6,"minecraft:oak_log":133,"minecraft:pointed_dripstone":13,"minecraft:coal_ore":46,"minecraft:deepslate_iron_ore":13,"minecraft:dripstone_block":23,"minecraft:dirt":5,"minecraft:stripped_oak_log":4,"minecraft:stone":136,"minecraft:oak_leaves":14,"minecraft:deepslate":10},"minecraft:custom":{"minecraft:interact_with_smithing_table":1,"minecraft:interact_with_furnace":10,"minecraft:mob_kills":27,"minecraft:interact_with_crafting_table":11,"minecraft:bell_ring":22,"minecraft:leave_game":3,"minecraft:time_since_death":49281,"minecraft:sleep_in_bed":4,"minecraft:time_since_rest":7944,"minecraft:sprint_one_cm":141010,"minecraft:damage_taken":786,"minecraft:walk_one_cm":231804,"minecraft:drop":3,"minecraft:damage_dealt":3594,"minecraft:swim_one_cm":10912,"minecraft:talked_to_villager":1,"minecraft:fly_one_cm":282196,"minecraft:open_chest":16,"minecraft:crouch_one_cm":2821,"minecraft:play_time":89193,"minecraft:sneak_time":1364,"minecraft:deaths":1,"minecraft:walk_under_water_one_cm":6625,"minecraft:jump":789,"minecraft:walk_on_water_one_cm":16973,"minecraft:total_world_time":89193,"minecraft:fall_one_cm":24150},"minecraft:killed_by":{"minecraft:skeleton":1},"minecraft:killed":{"minecraft:pig":2,"minecraft:creeper":1,"minecraft:horse":1,"minecraft:skeleton":2,"minecraft:zombie":7,"minecraft:chicken":1,"minecraft:glow_squid":4,"minecraft:cow":9}},"DataVersion":3465}