{"stats":{"minecraft:broken":{"minecraft:wooden_shovel":1,"minecraft:flint_and_steel":1,"minecraft:stone_shovel":1},"minecraft:custom":{"minecraft:interact_with_smithing_table":1,"minecraft:interact_with_furnace":11,"minecraft:mob_kills":11,"minecraft:interact_with_crafting_table":11,"minecraft:bell_ring":1,"minecraft:interact_with_grindstone":1,"minecraft:leave_game":1,"minecraft:time_since_death":45747,"minecraft:sleep_in_bed":8,"minecraft:climb_one_cm":1446,"minecraft:time_since_rest":5855,"minecraft:sprint_one_cm":122837,"minecraft:walk_one_cm":352244,"minecraft:damage_taken":837,"minecraft:drop":6,"minecraft:damage_dealt":1982,"minecraft:swim_one_cm":9812,"minecraft:talked_to_villager":2,"minecraft:fly_one_cm":279808,"minecraft:open_chest":19,"minecraft:crouch_one_cm":1122,"minecraft:play_time":72882,"minecraft:deaths":2,"minecraft:sneak_time":288,"minecraft:walk_under_water_one_cm":12666,"minecraft:jump":511,"minecraft:walk_on_water_one_cm":6494,"minecraft:interact_with_smoker":1,"minecraft:total_world_time":72882,"minecraft:fall_one_cm":9039},"minecraft:crafted":{"minecraft:cooked_beef":2,"minecraft:oak_door":3,"minecraft:oak_planks":24,"minecraft:wooden_shovel":1,"minecraft:stone_shovel":1,"minecraft:crafting_table":1,"minecraft:wooden_pickaxe":1,"minecraft:copper_ingot":3,"minecraft:bucket":1,"minecraft:air":0,"minecraft:stick":12,"minecraft:iron_ingot":53,"minecraft:stone_pickaxe":1,"minecraft:chest":3,"minecraft:iron_shovel":1,"minecraft:stone_hoe":1},"minecraft:mined":{"minecraft:white_bed":1,"minecraft:farmland":4,"minecraft:smoker":1,"minecraft:dandelion":11,"minecraft:brewing_stand":1,"minecraft:clay":10,"minecraft:cornflower":2,"minecraft:torch":1,"minecraft:blast_furnace":1,"minecraft:grass_block":213,"minecraft:poppy":2,"minecraft:yellow_carpet":2,"minecraft:tall_grass":60,"minecraft:cobblestone":4,"minecraft:copper_ore":4,"minecraft:composter":1,"minecraft:bricks":2,"minecraft:oxeye_daisy":1,"minecraft:wall_torch":4,"minecraft:furnace":1,"minecraft:carrots":32,"minecraft:fire":2,"minecraft:iron_ore":2,"minecraft:wheat":52,"minecraft:yellow_bed":1,"minecraft:azure_bluet":2,"minecraft:bell":1,"minecraft:beetroots":3,"minecraft:grass":234,"minecraft:pointed_dripstone":5,"minecraft:oak_log":5,"minecraft:potatoes":15,"minecraft:coal_ore":41,"minecraft:dripstone_block":12,"minecraft:dirt":43,"minecraft:stone":9},"minecraft:killed":{"minecraft:pig":2,"minecraft:spider":1,"minecraft:zombie":6,"minecraft:villager":1,"minecraft:cow":1},"minecraft:killed_by":{"minecraft:zombie":1},"minecraft:used":{"minecraft:wheat_seeds":10,"minecraft:water_bucket":2,"minecraft:iron_shovel":37,"minecraft:flint_and_steel":64,"minecraft:stone_shovel":136,"minecraft:stone_pickaxe":124,"minecraft:chest":3,"minecraft:wooden_pickaxe":7,"minecraft:iron_sword":143,"minecraft:wooden_shovel":149,"minecraft:bell":1,"minecraft:stone_hoe":16,"minecraft:oak_door":2,"minecraft:torch":2,"minecraft:dirt":225,"minecraft:crafting_table":1,"minecraft:carrot":9,"minecraft:white_bed":1,"minecraft:yellow_carpet":1,"minecraft:iron_helmet":1,"minecraft:furnace":1,"minecraft:bucket":2,"minecraft:cooked_beef":2,"minecraft:potato":9,"minecraft:iron_leggings":1,"minecraft:pointed_dripstone":1},"minecraft:dropped":{"minecraft:iron_helmet":1,"minecraft:cobblestone":1,"minecraft:apple":1,"minecraft:potato":4,"minecraft:wooden_shovel":1,"minecraft:iron_shovel":1},"minecraft:picked_up":{"minecraft:wheat":6,"minecraft:azure_bluet":3,"minecraft:clay_ball":40,"minecraft:leather":3,"minecraft:wooden_pickaxe":2,"minecraft:smoker":1,"minecraft:potato":22,"minecraft:oak_log":6,"minecraft:brewing_stand":1,"minecraft:yellow_bed":1,"minecraft:string":2,"minecraft:cornflower":1,"minecraft:dirt":279,"minecraft:raw_copper":42,"minecraft:iron_leggings":2,"minecraft:iron_shovel":1,"minecraft:bone":1,"minecraft:wheat_seeds":206,"minecraft:bell":3,"minecraft:beef":3,"minecraft:stone_pickaxe":2,"minecraft:wooden_shovel":1,"minecraft:poppy":6,"minecraft:iron_sword":4,"minecraft:furnace":3,"minecraft:egg":3,"minecraft:raw_iron":2,"minecraft:composter":1,"minecraft:torch":7,"minecraft:dandelion":25,"minecraft:dripstone_block":12,"minecraft:porkchop":2,"minecraft:blast_furnace":1,"minecraft:pointed_dripstone":10,"minecraft:white_bed":1,"minecraft:carrot":35,"minecraft:spider_eye":1,"minecraft:arrow":4,"minecraft:yellow_carpet":3,"minecraft:rotten_flesh":9,"minecraft:stone_shovel":2,"minecraft:beetroot_seeds":3,"minecraft:iron_helmet":4,"minecraft:bricks":2,"minecraft:coal":56,"minecraft:cobblestone":15,"minecraft:oxeye_daisy":6}},"DataVersion":3465}